[{"id": 0, "name": "Μισθοδοσία ", "state": 0}, {"id": 1, "name": "ΙΚΑ", "state": 0}, {"id": 1758707863, "name": "ΔΕΗ", "state": 0, "created at": "24/09/2025, 12:57:43"}, {"id": 1758707947, "name": "ΔΕΗ", "state": 0, "created at": "24/09/2025, 12:59:07"}, {"id": 1758707954, "name": "ΕΦΚΑ", "state": 0, "created at": "24/09/2025, 12:59:14"}, {"id": 1758707960, "name": "ΦΠΑ", "state": 0, "created at": "24/09/2025, 12:59:20"}, {"id": 1758885842, "name": "ΙΚΑ", "state": 0, "created at": "26/09/2025, 14:24:02", "deadline": "Ιούνιος"}, {"id": 1758885847, "name": "ΕΝΟΙΚΙΟ", "state": 0, "created at": "26/09/2025, 14:24:07", "deadline": "Ιούνιος"}, {"id": 1758885862, "name": "ΑΣΦΑΛΕΙΑ", "state": 0, "created at": "26/09/2025, 14:24:22", "deadline": "Ιούνιος"}]